<?xml version="1.0" encoding="UTF-8" standalone="yes"?>
<addon id="Darkzide.Portal" name="[COLOR red]Darkzide Portal[/COLOR]" version="6.6.6" provider-name="Darkzide_inc">
  <requires>
    <import addon="xbmc.python" version="2.1.0"/>
  </requires>
  <extension point="xbmc.python.pluginsource" library="default.py">
        <provides>executable</provides>
  </extension>
  <extension point="xbmc.service" library="startup.py" start="startup" />
  <extension point="xbmc.addon.metadata">
    <summary lang="en"></summary>
    <description lang="en"></description>
    <platform>all</platform>
  </extension>
</addon>
